Network Name,Latitude,Longitude,EOV sampled,Year Start,Year End,sampling site name,Depth,Habitat Type,Country,Locality,PI
Global ARMS Program,-74.69,164.1,"benthic invertebrates, vertebrates, microbes, algae - we monitor whole ecosystem using metabarcoding",11/30/15,ongoing,ICEPLPASE06,22 meters,Degrading cliff,Antarctica,Tethys Bay,Stefano Schiaparelli
Global ARMS Program,-23.51,43.71,"benthic invertebrates, vertebrates, microbes, algae - we monitor whole ecosystem using metabarcoding",6/7/15,ongoing,MAD-01-03,9 meters,Barrier reef outer slope,Madagascar,NA,Henrich Bruggemann
Global ARMS Program,-23.5,43.69,"benthic invertebrates, vertebrates, microbes, algae - we monitor whole ecosystem using metabarcoding",6/9/15,ongoing,MAD-03-03,10 meters,Barrier reef outer slope,Madagascar,NA,Henrich Bruggemann
Global ARMS Program,-23.47,151.95,"benthic invertebrates, vertebrates, microbes, algae - we monitor whole ecosystem using metabarcoding",9/5/08,11/19/09,HER-03_S3-C1-A3,15 meters,Reef,Australia,Heron Island,Julian Caley
Global ARMS Program,-22.77,113.7,"benthic invertebrates, vertebrates, microbes, algae - we monitor whole ecosystem using metabarcoding",5/29/09,5/31/10,NIN-03_S3-C1-A3,14 meters,Fore Reef (Outer),Australia,Point Cloates,Julian Caley
Global ARMS Program,-22.34,40.34,"benthic invertebrates, vertebrates, microbes, algae - we monitor whole ecosystem using metabarcoding",5/9/09,4/30/11,NOR-01-03,10 meters,Fringing reef outer slope,France,North,Henrich Bruggemann
Global ARMS Program,-21.17,55.28,"benthic invertebrates, vertebrates, microbes, algae - we monitor whole ecosystem using metabarcoding",9/30/14,ongoing,SLE-03,10 meters,Fringing reef outer slope,France,Saint-Leu,Henrich Bruggemann
Global ARMS Program,-21.1,55.23,"benthic invertebrates, vertebrates, microbes, algae - we monitor whole ecosystem using metabarcoding",10/31/14,ongoing,SAL-01-06,10 meters,Fringing reef outer slope,France,La Saline,Henrich Bruggemann
Global ARMS Program,-21.08,55.22,"benthic invertebrates, vertebrates, microbes, algae - we monitor whole ecosystem using metabarcoding",7/14/15,ongoing,GIL-03,10 meters,Fringing reef outer slope,France,St-Gilles,Henrich Bruggemann
Global ARMS Program,-20.75,164.23,"benthic invertebrates, vertebrates, microbes, algae - we monitor whole ecosystem using metabarcoding",1/13/18,1/13/19,KOU_2019_ARMS_12C,14 meters,NA,New Caledonia,NA,Chris Meyer
Global ARMS Program,-20.74,164.26,"benthic invertebrates, vertebrates, microbes, algae - we monitor whole ecosystem using metabarcoding",1/10/18,1/12/19,KOU_2019_ARMS_09C,14 meters,NA,New Caledonia,NA,Chris Meyer
Global ARMS Program,-20.67,164.2,"benthic invertebrates, vertebrates, microbes, algae - we monitor whole ecosystem using metabarcoding",1/12/18,1/8/19,KOU_2019_ARMS_10C,22 meters,NA,New Caledonia,NA,Chris Meyer
Global ARMS Program,-20.67,164.19,"benthic invertebrates, vertebrates, microbes, algae - we monitor whole ecosystem using metabarcoding",1/12/18,1/7/19,KOU_2019_ARMS_11C,17 meters,NA,New Caledonia,NA,Chris Meyer
Global ARMS Program,-20.67,164.25,"benthic invertebrates, vertebrates, microbes, algae - we monitor whole ecosystem using metabarcoding",1/3/18,1/11/19,KOU_2019_ARMS_02C,8 meters,NA,New Caledonia,NA,Chris Meyer
Global ARMS Program,-20.58,164.13,"benthic invertebrates, vertebrates, microbes, algae - we monitor whole ecosystem using metabarcoding",1/5/18,1/18/19,KOU_2019_ARMS_08C,11 meters,NA,New Caledonia,NA,Chris Meyer
Global ARMS Program,-20.58,164.1,"benthic invertebrates, vertebrates, microbes, algae - we monitor whole ecosystem using metabarcoding",1/4/18,1/14/19,KOU_2019_ARMS_06C,10 meters,NA,New Caledonia,NA,Chris Meyer
Global ARMS Program,-20.57,164.17,"benthic invertebrates, vertebrates, microbes, algae - we monitor whole ecosystem using metabarcoding",1/3/18,1/6/19,KOU_2019_ARMS_04C,5 meters,NA,New Caledonia,NA,Chris Meyer
Global ARMS Program,-20.56,164.18,"benthic invertebrates, vertebrates, microbes, algae - we monitor whole ecosystem using metabarcoding",1/3/18,1/20/19,KOU_2019_ARMS_03C,10 meters,NA,New Caledonia,NA,Chris Meyer
Global ARMS Program,-20.55,164.15,"benthic invertebrates, vertebrates, microbes, algae - we monitor whole ecosystem using metabarcoding",1/5/18,1/19/19,KOU_2019_ARMS_07C,8 meters,NA,New Caledonia,NA,Chris Meyer
Global ARMS Program,-20.55,164.2,"benthic invertebrates, vertebrates, microbes, algae - we monitor whole ecosystem using metabarcoding",1/4/18,1/5/19,KOU_2019_ARMS_05C,6 meters,NA,New Caledonia,NA,Chris Meyer
Global ARMS Program,-19.67,63.47,"benthic invertebrates, vertebrates, microbes, algae - we monitor whole ecosystem using metabarcoding",12/7/14,ongoing,ROD-03-03,10 meters,Fringing reef outer slope,Mauritius,RiviÃ¨re Banane,Henrich Bruggemann
Global ARMS Program,-19.65,63.42,"benthic invertebrates, vertebrates, microbes, algae - we monitor whole ecosystem using metabarcoding",12/9/14,ongoing,ROD-02-03,10 meters,Fringing reef channel,Mauritius,Petit PatÃ©,Henrich Bruggemann
Global ARMS Program,-19.65,63.4,"benthic invertebrates, vertebrates, microbes, algae - we monitor whole ecosystem using metabarcoding",12/10/14,ongoing,ROD-01-03,10 meters,Fringing reef outer slope,Mauritius,Ile aux Fous,Henrich Bruggemann
Global ARMS Program,-17.99,-38.57,"benthic invertebrates, vertebrates, microbes, algae - we monitor whole ecosystem using metabarcoding",12/31/08,ongoing,ABR_03_03,10 meters,NA,Brazil,Ponto 14,NA
Global ARMS Program,-17.98,-38.67,"benthic invertebrates, vertebrates, microbes, algae - we monitor whole ecosystem using metabarcoding",12/31/08,ongoing,ABR_01_03,10 meters,NA,Brazil,Abrolhos RAB2,NA
Global ARMS Program,-17.91,-39.15,"benthic invertebrates, vertebrates, microbes, algae - we monitor whole ecosystem using metabarcoding",12/31/08,ongoing,ABR_02_03,10 meters,NA,Brazil,Sebastiao Gomes (Oeste),NA
Global ARMS Program,-17.48,-149.84,"benthic invertebrates, vertebrates, microbes, algae - we monitor whole ecosystem using metabarcoding",11/14/10,ongoing,biocode22,3 meters,Lagoon,France,Moorea,Chris Meyer
Global ARMS Program,-17.48,-149.85,"benthic invertebrates, vertebrates, microbes, algae - we monitor whole ecosystem using metabarcoding",11/14/10,2/6/12,BIZ-827,12 meters,Outer reef slope,France,Moorea,Chris Meyer
Global ARMS Program,-17.48,-149.83,"benthic invertebrates, vertebrates, microbes, algae - we monitor whole ecosystem using metabarcoding",1/31/12,1/15/14,PLMOO_ARMS 21,12 meters,Forereef,France,Moorea,Chris Meyer
Global ARMS Program,-17.03,-149.56,"benthic invertebrates, vertebrates, microbes, algae - we monitor whole ecosystem using metabarcoding",6/14/15,ongoing,biocode30,20 meters,Forereef,France,Tetiaroa,Chris Meyer
Global ARMS Program,-17.03,-149.59,"benthic invertebrates, vertebrates, microbes, algae - we monitor whole ecosystem using metabarcoding",3/11/14,6/7/15,PLTET_201506_ARMS4,16 meters,Forereef,France,Tetiaroa,Chris Meyer
Global ARMS Program,-17.03,-149.57,"benthic invertebrates, vertebrates, microbes, algae - we monitor whole ecosystem using metabarcoding",3/11/14,6/6/15,PLTET_201506_ARMS6,16 meters,Forereef,France,Tetiaroa,Chris Meyer
Global ARMS Program,-17.02,-149.6,"benthic invertebrates, vertebrates, microbes, algae - we monitor whole ecosystem using metabarcoding",6/14/15,ongoing,biocode32,3 meters,Lagoon,France,Tetiaroa,Chris Meyer
Global ARMS Program,-14.65,145.45,"benthic invertebrates, vertebrates, microbes, algae - we monitor whole ecosystem using metabarcoding",4/16/08,3/6/10,LIZ-03_S3-C3-A3,12 meters,Reef Slope,Australia,Lizard Island,Julian Caley
Global ARMS Program,-14.56,-168.16,"benthic invertebrates, vertebrates, microbes, algae - we monitor whole ecosystem using metabarcoding",3/31/12,1/31/15,ROS-19_2012_F,5 meters,Forereef,American Samoa,Rose,Molly Timmers
Global ARMS Program,-14.55,-168.16,"benthic invertebrates, vertebrates, microbes, algae - we monitor whole ecosystem using metabarcoding",12/31/09,12/31/11,ROS-09_2010_C,5 meters,Lagoon,American Samoa,Rose,Molly Timmers
Global ARMS Program,-14.55,-168.14,"benthic invertebrates, vertebrates, microbes, algae - we monitor whole ecosystem using metabarcoding",3/31/12,1/31/15,ROS-19_2012_C,5 meters,Forereef,American Samoa,Rose,Molly Timmers
Global ARMS Program,-14.53,-168.15,"benthic invertebrates, vertebrates, microbes, algae - we monitor whole ecosystem using metabarcoding",12/31/09,12/31/11,ROS-25_2010_C,10 meters,Forereef,American Samoa,Rose,Molly Timmers
Global ARMS Program,-14.37,-170.76,"benthic invertebrates, vertebrates, microbes, algae - we monitor whole ecosystem using metabarcoding",3/31/12,1/31/15,TUT-22_2012_C,4 meters,Forereef,American Samoa,Tutuila,Molly Timmers
Global ARMS Program,-14.36,-170.76,"benthic invertebrates, vertebrates, microbes, algae - we monitor whole ecosystem using metabarcoding",12/31/07,12/31/09,TUT-F01_2008_C,17 meters,Forereef,American Samoa,Tutuila,Molly Timmers
Global ARMS Program,-14.36,-170.75,"benthic invertebrates, vertebrates, microbes, algae - we monitor whole ecosystem using metabarcoding",3/31/12,1/31/15,TUT-22_2012_I,4 meters,Forereef,American Samoa,Tutuila,Molly Timmers
Global ARMS Program,-14.29,-170.81,"benthic invertebrates, vertebrates, microbes, algae - we monitor whole ecosystem using metabarcoding",2/28/15,ongoing,TUT-74_2015_C,15 meters,Forereef,American Samoa,Tutuila,Molly Timmers
Global ARMS Program,-14.29,-170.56,"benthic invertebrates, vertebrates, microbes, algae - we monitor whole ecosystem using metabarcoding",2/27/15,ongoing,TUT-73_2015_C,15 meters,Forereef,American Samoa,Tutuila,Molly Timmers
Global ARMS Program,-14.28,-170.64,"benthic invertebrates, vertebrates, microbes, algae - we monitor whole ecosystem using metabarcoding",3/31/12,1/31/15,TUT-22_2012_F,4 meters,Forereef,American Samoa,Tutuila,Molly Timmers
Global ARMS Program,-14.26,-169.5,"benthic invertebrates, vertebrates, microbes, algae - we monitor whole ecosystem using metabarcoding",3/23/15,ongoing,TAU-12_2015_C,15 meters,Forereef,American Samoa,Manua,Molly Timmers
Global ARMS Program,-14.24,-170.66,"benthic invertebrates, vertebrates, microbes, algae - we monitor whole ecosystem using metabarcoding",2/27/15,ongoing,TUT-72_2015_C,15 meters,Forereef,American Samoa,Tutuila,Molly Timmers
Global ARMS Program,-14.21,-169.44,"benthic invertebrates, vertebrates, microbes, algae - we monitor whole ecosystem using metabarcoding",3/14/15,ongoing,TAU-04_2015_C,15 meters,Forereef,American Samoa,Manua,Molly Timmers
Global ARMS Program,-14.19,-169.66,"benthic invertebrates, vertebrates, microbes, algae - we monitor whole ecosystem using metabarcoding",3/31/12,1/31/15,OFU-03_2012_C,5 meters,Forereef,American Samoa,Ofu,Molly Timmers
Global ARMS Program,-14.18,-169.63,"benthic invertebrates, vertebrates, microbes, algae - we monitor whole ecosystem using metabarcoding",3/31/12,1/31/15,OLO-04_2012_C,4 meters,Forereef,American Samoa,Olosega,Molly Timmers
Global ARMS Program,-14.18,-169.65,"benthic invertebrates, vertebrates, microbes, algae - we monitor whole ecosystem using metabarcoding",3/25/15,ongoing,OFU-54_2015_C,15 meters,Forereef,American Samoa,Manua,Molly Timmers
Global ARMS Program,-14.18,-168.65,"benthic invertebrates, vertebrates, microbes, algae - we monitor whole ecosystem using metabarcoding",3/31/12,1/31/15,OFU-04_2012_C,5 meters,Forereef,American Samoa,Ofu,Molly Timmers
Global ARMS Program,-14.17,-169.68,"benthic invertebrates, vertebrates, microbes, algae - we monitor whole ecosystem using metabarcoding",12/31/07,12/31/09,OFU-06_2008_B,14 meters,Forereef,American Samoa,Ofu,Molly Timmers
Global ARMS Program,-14.16,-169.67,"benthic invertebrates, vertebrates, microbes, algae - we monitor whole ecosystem using metabarcoding",3/12/15,ongoing,OFU-09_2015_C,15 meters,Forereef,American Samoa,Manua,Molly Timmers
Global ARMS Program,-11.6,47.3,"benthic invertebrates, vertebrates, microbes, algae - we monitor whole ecosystem using metabarcoding",5/15/09,4/30/11,GLO-03,10 meters,Fringing reef outer slope,France,South,Henrich Bruggemann
Global ARMS Program,-11.07,-171.08,"benthic invertebrates, vertebrates, microbes, algae - we monitor whole ecosystem using metabarcoding",12/31/09,12/31/11,SWA-01_2010_C,14 meters,Forereef,American Samoa,Swains,Molly Timmers
Global ARMS Program,-11.06,-171.09,"benthic invertebrates, vertebrates, microbes, algae - we monitor whole ecosystem using metabarcoding",12/31/09,12/31/11,SWA-03_2010_C,14 meters,Forereef,American Samoa,Swains,Molly Timmers
Global ARMS Program,-11.05,-171.09,"benthic invertebrates, vertebrates, microbes, algae - we monitor whole ecosystem using metabarcoding",12/31/09,12/31/11,SWA-16_2010_A,14 meters,Forereef,American Samoa,Swains,Molly Timmers
Global ARMS Program,-9.83,150.82,"benthic invertebrates, vertebrates, microbes, algae - we monitor whole ecosystem using metabarcoding",3/31/12,ongoing,PNG#45,10 meters,Fringing reef,Papua New Guinea,Upa-Upasina,Laetitia Plaisance
Global ARMS Program,-9.82,150.82,"benthic invertebrates, vertebrates, microbes, algae - we monitor whole ecosystem using metabarcoding",3/31/12,10/31/14,PNG#33,3 meters,Fringing reef,Papua New Guinea,Upa-Upasina,Laetitia Plaisance
Global ARMS Program,-9.75,150.85,"benthic invertebrates, vertebrates, microbes, algae - we monitor whole ecosystem using metabarcoding",3/31/12,10/31/14,PNG#21,3 meters,Fringing reef,Papua New Guinea,Dobu,Laetitia Plaisance
Global ARMS Program,-9.73,150.87,"benthic invertebrates, vertebrates, microbes, algae - we monitor whole ecosystem using metabarcoding",3/31/12,10/31/14,PNG#36,3 meters,Fringing reef,Papua New Guinea,Dobu,Laetitia Plaisance
Global ARMS Program,-9.15,125.82,"benthic invertebrates, vertebrates, microbes, algae - we monitor whole ecosystem using metabarcoding",10/20/12,ongoing,TIM-06_2012_C,11 meters,Forereef,Timor-Leste,Timor,Molly Timmers
Global ARMS Program,-8.85,125.01,"benthic invertebrates, vertebrates, microbes, algae - we monitor whole ecosystem using metabarcoding",10/16/12,10/24/12,TIM-02_2012_C,14 meters,Forereef,Timor-Leste,Timor,Molly Timmers
Global ARMS Program,-8.68,126.99,"benthic invertebrates, vertebrates, microbes, algae - we monitor whole ecosystem using metabarcoding",10/21/12,ongoing,TIM-07_2012_C,15 meters,Forereef,Timor-Leste,Timor,Molly Timmers
Global ARMS Program,-8.55,125.5,"benthic invertebrates, vertebrates, microbes, algae - we monitor whole ecosystem using metabarcoding",10/14/12,10/24/12,TIM-01_2012_C,13 meters,Forereef,Timor-Leste,Timor,Molly Timmers
Global ARMS Program,-8.48,125.91,"benthic invertebrates, vertebrates, microbes, algae - we monitor whole ecosystem using metabarcoding",10/23/12,10/24/12,TIM-09_2012_C,15 meters,Forereef,Timor-Leste,Timor,Molly Timmers
Global ARMS Program,-8.42,126.43,"benthic invertebrates, vertebrates, microbes, algae - we monitor whole ecosystem using metabarcoding",10/18/12,10/24/12,TIM-04_2012_C,14 meters,Forereef,Timor-Leste,Timor,Molly Timmers
Global ARMS Program,-8.41,127.31,"benthic invertebrates, vertebrates, microbes, algae - we monitor whole ecosystem using metabarcoding",10/19/12,10/24/12,TIM-05_2012_D,15 meters,Forereef,Timor-Leste,Timor,Molly Timmers
Global ARMS Program,-8.35,127.16,"benthic invertebrates, vertebrates, microbes, algae - we monitor whole ecosystem using metabarcoding",10/22/12,10/24/12,TIM-08_2012_C,15 meters,Forereef,Timor-Leste,Timor,Molly Timmers
Global ARMS Program,-8.3,125.56,"benthic invertebrates, vertebrates, microbes, algae - we monitor whole ecosystem using metabarcoding",10/17/12,10/24/12,TIM-03_2012_C,14 meters,Forereef,Timor-Leste,Timor,Molly Timmers
Global ARMS Program,-8.29,115.6,"benthic invertebrates, vertebrates, microbes, algae - we monitor whole ecosystem using metabarcoding",6/30/13,ongoing,Tula-1_04,4 meters,Fringing reef,Indonesia,Tulamben,Chris Meyer
Global ARMS Program,-8.22,125.62,"benthic invertebrates, vertebrates, microbes, algae - we monitor whole ecosystem using metabarcoding",10/24/12,10/24/12,TIM-10_2012_C,13 meters,Forereef,Timor-Leste,Timor,Molly Timmers
Global ARMS Program,-8.13,114.65,"benthic invertebrates, vertebrates, microbes, algae - we monitor whole ecosystem using metabarcoding",6/30/13,ongoing,Deep-1_03,12 meters,Patch Reef,Indonesia,Deep Middle Reef,Chris Meyer
Global ARMS Program,-8.12,114.67,"benthic invertebrates, vertebrates, microbes, algae - we monitor whole ecosystem using metabarcoding",6/30/13,ongoing,Napo-2_03,12 meters,Patch Reef,Indonesia,Napoleon Reef,Chris Meyer
Global ARMS Program,-8.12,114.65,"benthic invertebrates, vertebrates, microbes, algae - we monitor whole ecosystem using metabarcoding",6/30/13,ongoing,Hors-1_03,12 meters,Patch Reef,Indonesia,Horse Reef,Chris Meyer
Global ARMS Program,-7.57,72.46,"benthic invertebrates, vertebrates, microbes, algae - we monitor whole ecosystem using metabarcoding",2/28/13,2/28/15,CH.DG-03,8 meters,Fringing reef,United Kingdom,Middle Island,Catherine Head
Global ARMS Program,-6.02,106.73,"benthic invertebrates, vertebrates, microbes, algae - we monitor whole ecosystem using metabarcoding",6/30/13,ongoing,Bida-1_03,10 meters,Degraded reef,Indonesia,Java,Chris Meyer
Global ARMS Program,-5.92,106.57,"benthic invertebrates, vertebrates, microbes, algae - we monitor whole ecosystem using metabarcoding",6/30/13,ongoing,Lanc-2_03,10 meters,NA,Indonesia,Java,Chris Meyer
Global ARMS Program,-5.87,106.6,"benthic invertebrates, vertebrates, microbes, algae - we monitor whole ecosystem using metabarcoding",6/30/13,ongoing,Pari-3_03,10 meters,NA,Indonesia,Java,Chris Meyer
Global ARMS Program,-5.8,106.53,"benthic invertebrates, vertebrates, microbes, algae - we monitor whole ecosystem using metabarcoding",6/30/13,ongoing,Tidu-5_03,10 meters,NA,Indonesia,Java,Chris Meyer
Global ARMS Program,-5.75,106.55,"benthic invertebrates, vertebrates, microbes, algae - we monitor whole ecosystem using metabarcoding",6/30/13,ongoing,Kara-4_03,10 meters,NA,Indonesia,Java,Chris Meyer
Global ARMS Program,-5.75,106.6,"benthic invertebrates, vertebrates, microbes, algae - we monitor whole ecosystem using metabarcoding",6/30/13,ongoing,Pram-7_03,10 meters,NA,Indonesia,Java,Chris Meyer
Global ARMS Program,-5.69,106.54,"benthic invertebrates, vertebrates, microbes, algae - we monitor whole ecosystem using metabarcoding",6/30/13,ongoing,Koto-6_03,10 meters,NA,Indonesia,Java,Chris Meyer
Global ARMS Program,-5.57,106.57,"benthic invertebrates, vertebrates, microbes, algae - we monitor whole ecosystem using metabarcoding",6/30/13,ongoing,Sepa-8_03,10 meters,NA,Indonesia,Java,Chris Meyer
Global ARMS Program,-5.44,72.81,"benthic invertebrates, vertebrates, microbes, algae - we monitor whole ecosystem using metabarcoding",2/28/13,2/28/15,CH.SL-03,8 meters,Fringing reef,United Kingdom,Middle Island,Catherine Head
Global ARMS Program,-5.36,71.97,"benthic invertebrates, vertebrates, microbes, algae - we monitor whole ecosystem using metabarcoding",2/28/13,ongoing,CH.PB-03,8 meters,Fringing reef,United Kingdom,Petit Coquelage,Catherine Head
Global ARMS Program,-5.31,150.13,"benthic invertebrates, vertebrates, microbes, algae - we monitor whole ecosystem using metabarcoding",12/31/08,12/31/11,KIM-01_2009_C,13 meters,Forereef,Papua New Guinea,Kimbe Bay,Molly Timmers
Global ARMS Program,-5.3,150.13,"benthic invertebrates, vertebrates, microbes, algae - we monitor whole ecosystem using metabarcoding",12/31/08,12/31/11,KIM-03_2009_C,15 meters,Forereef,Papua New Guinea,Kimbe Bay,Molly Timmers
Global ARMS Program,-5.12,145.82,"benthic invertebrates, vertebrates, microbes, algae - we monitor whole ecosystem using metabarcoding",11/30/12,ongoing,MAD-01_9,12 meters,Forereef,Papua New Guinea,Madang,Matthieu Leray
Global ARMS Program,-2.87,134.85,"benthic invertebrates, vertebrates, microbes, algae - we monitor whole ecosystem using metabarcoding",8/31/13,ongoing,Mang-3_03,13 meters,NA,Indonesia,Papua,Chris Meyer
Global ARMS Program,-2.67,134.82,"benthic invertebrates, vertebrates, microbes, algae - we monitor whole ecosystem using metabarcoding",8/31/13,ongoing,Angr-2_03,10 meters,NA,Indonesia,Papua,Chris Meyer
Global ARMS Program,-2.5,134.37,"benthic invertebrates, vertebrates, microbes, algae - we monitor whole ecosystem using metabarcoding",8/31/13,ongoing,YOP-5_03,12 meters,NA,Indonesia,Papua,Chris Meyer
Global ARMS Program,-2.49,134.97,"benthic invertebrates, vertebrates, microbes, algae - we monitor whole ecosystem using metabarcoding",10/31/13,ongoing,Trid-1_06,10 meters,NA,Indonesia,Papua,Chris Meyer
Global ARMS Program,-2.45,134.52,"benthic invertebrates, vertebrates, microbes, algae - we monitor whole ecosystem using metabarcoding",8/31/13,ongoing,Numa-1_03,18 meters,NA,Indonesia,Papua,Chris Meyer
Global ARMS Program,-2.24,130.55,"benthic invertebrates, vertebrates, microbes, algae - we monitor whole ecosystem using metabarcoding",8/31/13,ongoing,Miso-6_06,11 meters,NA,Indonesia,Papua,Chris Meyer
Global ARMS Program,-2.22,130.55,"benthic invertebrates, vertebrates, microbes, algae - we monitor whole ecosystem using metabarcoding",8/31/13,ongoing,Miso-6b_03,60 meters,NA,Indonesia,Papua,Chris Meyer
Global ARMS Program,-2.05,134.15,"benthic invertebrates, vertebrates, microbes, algae - we monitor whole ecosystem using metabarcoding",8/31/13,ongoing,Puru-4_03,13 meters,NA,Indonesia,Papua,Chris Meyer
Global ARMS Program,-0.78,130.5,"benthic invertebrates, vertebrates, microbes, algae - we monitor whole ecosystem using metabarcoding",8/31/13,ongoing,Daya-4_03,12 meters,NA,Indonesia,Papua,Chris Meyer
Global ARMS Program,-0.57,130.28,"benthic invertebrates, vertebrates, microbes, algae - we monitor whole ecosystem using metabarcoding",8/31/13,ongoing,Pene-3b_03,60 meters,NA,Indonesia,Papua,Chris Meyer
Global ARMS Program,-0.55,130.67,"benthic invertebrates, vertebrates, microbes, algae - we monitor whole ecosystem using metabarcoding",8/31/13,ongoing,Kep-5_06,12 meters,NA,Indonesia,Papua,Chris Meyer
Global ARMS Program,-0.44,130.43,"benthic invertebrates, vertebrates, microbes, algae - we monitor whole ecosystem using metabarcoding",8/31/13,ongoing,Pef-2_06,11 meters,NA,Indonesia,Papua,Chris Meyer
Global ARMS Program,-0.39,-160.01,"benthic invertebrates, vertebrates, microbes, algae - we monitor whole ecosystem using metabarcoding",4/7/15,ongoing,JAR-04_2015_C,15 meters,Forereef,United States of America,Jarvis,Molly Timmers
Global ARMS Program,-0.38,-160,"benthic invertebrates, vertebrates, microbes, algae - we monitor whole ecosystem using metabarcoding",5/2/12,ongoing,JAR-04_2012_C,5 meters,Forereef,United States of America,Jarvis,Molly Timmers
Global ARMS Program,-0.37,-160.01,"benthic invertebrates, vertebrates, microbes, algae - we monitor whole ecosystem using metabarcoding",5/5/12,ongoing,JAR-11_2012_C,5 meters,Forereef,United States of America,Jarvis,Molly Timmers
Global ARMS Program,-0.37,-159.98,"benthic invertebrates, vertebrates, microbes, algae - we monitor whole ecosystem using metabarcoding",4/8/15,ongoing,JAR-01_2015_C,15 meters,Forereef,United States of America,Jarvis,Molly Timmers
Global ARMS Program,-0.36,-159.99,"benthic invertebrates, vertebrates, microbes, algae - we monitor whole ecosystem using metabarcoding",12/31/09,12/31/11,JAR-08_2010_C,15 meters,Forereef,United States of America,Jarvis,Molly Timmers
Global ARMS Program,-0.15,130.05,"benthic invertebrates, vertebrates, microbes, algae - we monitor whole ecosystem using metabarcoding",8/31/13,ongoing,Waya-1_03,11 meters,NA,Indonesia,Papua,Chris Meyer
Global ARMS Program,0.19,-176.46,"benthic invertebrates, vertebrates, microbes, algae - we monitor whole ecosystem using metabarcoding",12/31/09,12/31/11,BAK-16_2010_C,12 meters,Forereef,United States of America,Baker,Molly Timmers
Global ARMS Program,0.2,-176.49,"benthic invertebrates, vertebrates, microbes, algae - we monitor whole ecosystem using metabarcoding",12/31/09,12/31/11,BAK-11_2010_C,17 meters,Forereef,United States of America,Baker,Molly Timmers
Global ARMS Program,0.21,-176.47,"benthic invertebrates, vertebrates, microbes, algae - we monitor whole ecosystem using metabarcoding",12/31/07,12/31/09,BAK14_2008_C,17 meters,Forereef,United States of America,Baker,Molly Timmers
Global ARMS Program,0.8,-176.62,"benthic invertebrates, vertebrates, microbes, algae - we monitor whole ecosystem using metabarcoding",12/31/09,12/31/11,HOW-11_2010_C,17 meters,Forereef,United States of America,Howland,Molly Timmers
Global ARMS Program,0.81,-176.62,"benthic invertebrates, vertebrates, microbes, algae - we monitor whole ecosystem using metabarcoding",12/31/09,12/31/11,HOW-05_2010_C,17 meters,Forereef,United States of America,Howland,Molly Timmers
Global ARMS Program,1.16,103.74,"benthic invertebrates, vertebrates, microbes, algae - we monitor whole ecosystem using metabarcoding",1/11/16,ongoing,AB042016_RL_3,5 meters,Reef,Singapore,NA,Andrew Bauman
Global ARMS Program,1.21,103.75,"benthic invertebrates, vertebrates, microbes, algae - we monitor whole ecosystem using metabarcoding",1/12/16,ongoing,AB042016_SK_3,2 meters,Reef,Singapore,NA,Andrew Bauman
Global ARMS Program,1.23,103.86,"benthic invertebrates, vertebrates, microbes, algae - we monitor whole ecosystem using metabarcoding",1/10/16,ongoing,AB042016_KU_3,3 meters,Reef,Singapore,NA,Andrew Bauman
Global ARMS Program,1.23,103.73,"benthic invertebrates, vertebrates, microbes, algae - we monitor whole ecosystem using metabarcoding",1/12/16,ongoing,AB042016_TPT_3,6 meters,Reef,Singapore,NA,Andrew Bauman
Global ARMS Program,5.82,95.34,"benthic invertebrates, vertebrates, microbes, algae - we monitor whole ecosystem using metabarcoding",8/31/13,ongoing,Jabo-2_03,7 meters,Coastal reef,Indonesia,Jaboi,Chris Meyer
Global ARMS Program,5.84,95.37,"benthic invertebrates, vertebrates, microbes, algae - we monitor whole ecosystem using metabarcoding",8/31/13,ongoing,Bent-1_03,10 meters,Coastal reef,Indonesia,Benteng,Chris Meyer
Global ARMS Program,5.86,-162.03,"benthic invertebrates, vertebrates, microbes, algae - we monitor whole ecosystem using metabarcoding",4/14/15,ongoing,PAL-25_2015_C,15 meters,Forereef,United States of America,Palmyra,Molly Timmers
Global ARMS Program,5.87,-162.11,"benthic invertebrates, vertebrates, microbes, algae - we monitor whole ecosystem using metabarcoding",12/31/09,12/31/11,PAL-19_2010_C,15 meters,Forereef,United States of America,Palmyra,Molly Timmers
Global ARMS Program,5.87,95.25,"benthic invertebrates, vertebrates, microbes, algae - we monitor whole ecosystem using metabarcoding",8/31/13,ongoing,Rubi-4_03,10 meters,Coastal reef,Indonesia,Rubiah Sea Garden,Chris Meyer
Global ARMS Program,5.88,-162.14,"benthic invertebrates, vertebrates, microbes, algae - we monitor whole ecosystem using metabarcoding",5/13/12,ongoing,PAL-17_2012_C,6 meters,Forereef,United States of America,Palmyra,Molly Timmers
Global ARMS Program,5.88,-162.1,"benthic invertebrates, vertebrates, microbes, algae - we monitor whole ecosystem using metabarcoding",12/31/07,12/31/09,PAL-27_2008_C,8 meters,Lagoon,United States of America,Palmyra,Molly Timmers
Global ARMS Program,5.88,-162.13,"benthic invertebrates, vertebrates, microbes, algae - we monitor whole ecosystem using metabarcoding",4/17/15,ongoing,PAL-66_2015_C,14 meters,Forereef,United States of America,Palmyra,Molly Timmers
Global ARMS Program,5.88,-162.07,"benthic invertebrates, vertebrates, microbes, algae - we monitor whole ecosystem using metabarcoding",5/14/12,ongoing,PAL-01_2012_C,4 meters,Forereef,United States of America,Palmyra,Molly Timmers
Global ARMS Program,5.89,95.34,"benthic invertebrates, vertebrates, microbes, algae - we monitor whole ecosystem using metabarcoding",8/31/13,ongoing,Sumu-3_03,10 meters,Coastal reef,Indonesia,Sumur Tiga,Chris Meyer
Global ARMS Program,5.89,95.25,"benthic invertebrates, vertebrates, microbes, algae - we monitor whole ecosystem using metabarcoding",8/31/13,ongoing,Pula-5_03,12 meters,Coastal reef,Indonesia,Pulau Seulako,Chris Meyer
Global ARMS Program,5.9,-162.08,"benthic invertebrates, vertebrates, microbes, algae - we monitor whole ecosystem using metabarcoding",4/15/15,ongoing,PAL-64_2015_C,14 meters,Forereef,United States of America,Palmyra,Molly Timmers
Global ARMS Program,6,134,"benthic invertebrates, vertebrates, microbes, algae - we monitor whole ecosystem using metabarcoding",1/5/17,ongoing,2017_PALA_09,100 meters,NA,Palau,NA,Luiz Rocha
Global ARMS Program,6.38,-162.35,"benthic invertebrates, vertebrates, microbes, algae - we monitor whole ecosystem using metabarcoding",5/10/12,ongoing,KIN-11_2012_C,5 meters,Forereef,United States of America,Kingman,Molly Timmers
Global ARMS Program,6.38,-162.38,"benthic invertebrates, vertebrates, microbes, algae - we monitor whole ecosystem using metabarcoding",5/8/12,ongoing,KIN-13_2012_C,5 meters,Forereef,United States of America,Kingman,Molly Timmers
Global ARMS Program,6.38,-162.34,"benthic invertebrates, vertebrates, microbes, algae - we monitor whole ecosystem using metabarcoding",12/31/09,12/31/11,KIN-23_2010_C,17 meters,Forereef,United States of America,Kingman,Molly Timmers
Global ARMS Program,6.39,-162.35,"benthic invertebrates, vertebrates, microbes, algae - we monitor whole ecosystem using metabarcoding",5/11/12,ongoing,KIN-05_2012_C,4 meters,Forereef,United States of America,Kingman,Molly Timmers
Global ARMS Program,6.94,158.1,"benthic invertebrates, vertebrates, microbes, algae - we monitor whole ecosystem using metabarcoding",N/A,ongoing,2018_POHN_09,100 meters,NA,"Micronesia, Federated States of",NA,Luiz Rocha
Global ARMS Program,6.96,158.16,"benthic invertebrates, vertebrates, microbes, algae - we monitor whole ecosystem using metabarcoding",N/A,ongoing,2018_POHN_27,100 meters,NA,"Micronesia, Federated States of",NA,Luiz Rocha
Global ARMS Program,6.97,158.11,"benthic invertebrates, vertebrates, microbes, algae - we monitor whole ecosystem using metabarcoding",N/A,ongoing,2018_POHN_18,100 meters,NA,"Micronesia, Federated States of",NA,Luiz Rocha
Global ARMS Program,7,134,"benthic invertebrates, vertebrates, microbes, algae - we monitor whole ecosystem using metabarcoding",N/A,ongoing,2017_PALA_27,100 meters,NA,Palau,NA,Luiz Rocha
Global ARMS Program,7.4,-81.66,"benthic invertebrates, vertebrates, microbes, algae - we monitor whole ecosystem using metabarcoding",1/12/17,ongoing,2017_COIBA_ARMS6,3 meters,Coral reef,Panama,NA,Matthieu Leray
Global ARMS Program,7.4,-81.67,"benthic invertebrates, vertebrates, microbes, algae - we monitor whole ecosystem using metabarcoding",1/12/17,ongoing,2017_COIBA_ARMS9,3 meters,Coral reef,Panama,NA,Matthieu Leray
Global ARMS Program,9.5,-82.27,"benthic invertebrates, vertebrates, microbes, algae - we monitor whole ecosystem using metabarcoding",8/31/12,ongoing,BOC-03_9,10 meters,Coral reef,Panama,Bocas del Toro,Matthieu Leray
Global ARMS Program,10.85,-85.95,"benthic invertebrates, vertebrates, microbes, algae - we monitor whole ecosystem using metabarcoding",6/30/15,ongoing,ISP-01_3,7 meters,Fringing reef,Costa Rica,Isla San Pedrito,Chris Meyer
Global ARMS Program,10.87,-85.89,"benthic invertebrates, vertebrates, microbes, algae - we monitor whole ecosystem using metabarcoding",6/30/15,ongoing,IPE-01_3,7 meters,Fringing reef,Costa Rica,Isla Pelada,Chris Meyer
Global ARMS Program,12.08,-68.9,"benthic invertebrates, vertebrates, microbes, algae - we monitor whole ecosystem using metabarcoding",12/31/12,1/16/18,BCURA_ARM60,15 meters,Fringing reef,Netherlands Antilles,Bapor Kibra,Carole Baldwin
Global ARMS Program,13.24,144.7,"benthic invertebrates, vertebrates, microbes, algae - we monitor whole ecosystem using metabarcoding",3/25/14,ongoing,GUA-21_2014_C,15 meters,Forereef,Guam,Guam,Molly Timmers
Global ARMS Program,13.31,144.65,"benthic invertebrates, vertebrates, microbes, algae - we monitor whole ecosystem using metabarcoding",12/31/10,12/31/13,GUA-02_2011_C,12 meters,Forereef,Guam,Guam,Molly Timmers
Global ARMS Program,13.45,144.63,"benthic invertebrates, vertebrates, microbes, algae - we monitor whole ecosystem using metabarcoding",12/31/10,12/31/13,GUA-12_2011_C,12 meters,Forereef / Lagoon,Guam,Guam,Molly Timmers
Global ARMS Program,13.48,144.87,"benthic invertebrates, vertebrates, microbes, algae - we monitor whole ecosystem using metabarcoding",3/28/14,ongoing,GUA-22_2014_C,16 meters,Forereef,Guam,Guam,Molly Timmers
Global ARMS Program,13.49,144.88,"benthic invertebrates, vertebrates, microbes, algae - we monitor whole ecosystem using metabarcoding",12/31/10,12/31/13,GUA-08_2011_C,12 meters,Forereef,Guam,Guam,Molly Timmers
Global ARMS Program,13.53,144.8,"benthic invertebrates, vertebrates, microbes, algae - we monitor whole ecosystem using metabarcoding",3/24/14,ongoing,GUA-20_2014_C,15 meters,Forereef,Guam,Guam,Molly Timmers
Global ARMS Program,13.58,144.83,"benthic invertebrates, vertebrates, microbes, algae - we monitor whole ecosystem using metabarcoding",12/31/10,12/31/13,GUA-05_2011_C,12 meters,Forereef,Guam,Guam,Molly Timmers
Global ARMS Program,13.6,144.92,"benthic invertebrates, vertebrates, microbes, algae - we monitor whole ecosystem using metabarcoding",3/29/14,ongoing,GUA-23_2014_C,15 meters,Forereef,Guam,Guam,Molly Timmers
Global ARMS Program,13.66,120.89,"benthic invertebrates, vertebrates, microbes, algae - we monitor whole ecosystem using metabarcoding",2/29/12,3/31/15,VIP-10_2012_C,5 meters,NA,Philippines,Batalang Bato,Molly Timmers
Global ARMS Program,13.69,120.89,"benthic invertebrates, vertebrates, microbes, algae - we monitor whole ecosystem using metabarcoding",3/14/12,3/31/15,VIP-07_2012_C,4 meters,NA,Philippines,Twin Rocks,Molly Timmers
Global ARMS Program,13.69,120.91,"benthic invertebrates, vertebrates, microbes, algae - we monitor whole ecosystem using metabarcoding",N/A,ongoing,2018_PHIL_27,100 meters,NA,Philippines,NA,Luiz Rocha
Global ARMS Program,13.71,120.87,"benthic invertebrates, vertebrates, microbes, algae - we monitor whole ecosystem using metabarcoding",3/13/12,3/31/15,VIP-05_2012_C,4 meters,NA,Philippines,Arthur's Reef,Molly Timmers
Global ARMS Program,13.71,120.88,"benthic invertebrates, vertebrates, microbes, algae - we monitor whole ecosystem using metabarcoding",3/13/12,3/31/15,VIP-06_2012_C,5 meters,NA,Philippines,Arthur's Reef,Molly Timmers
Global ARMS Program,13.72,120.87,"benthic invertebrates, vertebrates, microbes, algae - we monitor whole ecosystem using metabarcoding",3/12/12,3/31/15,VIP-04_2012_C,5 meters,NA,Philippines,Koala Reserve Area,Molly Timmers
Global ARMS Program,13.73,120.88,"benthic invertebrates, vertebrates, microbes, algae - we monitor whole ecosystem using metabarcoding",3/11/12,3/31/15,VIP-02_2012_C,5 meters,NA,Philippines,Batong Bay,Molly Timmers
Global ARMS Program,14.16,145.15,"benthic invertebrates, vertebrates, microbes, algae - we monitor whole ecosystem using metabarcoding",12/31/08,12/31/10,ROT-06_2009_C,14 meters,Forereef,Northern Mariana Islands,Rota,Molly Timmers
Global ARMS Program,15.1,145.74,"benthic invertebrates, vertebrates, microbes, algae - we monitor whole ecosystem using metabarcoding",4/10/14,ongoing,SAI-05_2014_C,17 meters,Forereef,Northern Mariana Islands,Saipan,Molly Timmers
Global ARMS Program,15.16,145.69,"benthic invertebrates, vertebrates, microbes, algae - we monitor whole ecosystem using metabarcoding",12/31/10,12/31/13,SAI-06_2011_C,11 meters,Forereef,Northern Mariana Islands,Saipan,Molly Timmers
Global ARMS Program,15.26,145.82,"benthic invertebrates, vertebrates, microbes, algae - we monitor whole ecosystem using metabarcoding",4/10/14,ongoing,SAI-20_2014_C,17 meters,Forereef,Northern Mariana Islands,Saipan,Molly Timmers
Global ARMS Program,15.27,145.79,"benthic invertebrates, vertebrates, microbes, algae - we monitor whole ecosystem using metabarcoding",12/31/10,12/31/13,SAI-08_2011_B,9 meters,Forereef,Northern Mariana Islands,Saipan,Molly Timmers
Global ARMS Program,15.29,145.81,"benthic invertebrates, vertebrates, microbes, algae - we monitor whole ecosystem using metabarcoding",4/12/14,ongoing,SAI-21_2014_C,14 meters,Forereef,Northern Mariana Islands,Saipan,Molly Timmers
Global ARMS Program,16.44,-88.2,"benthic invertebrates, vertebrates, microbes, algae - we monitor whole ecosystem using metabarcoding",1/7/17,ongoing,LBC_subsite13_3,2 meters,coral,Belize,NA,Lisa Carne
Global ARMS Program,16.45,-88.2,"benthic invertebrates, vertebrates, microbes, algae - we monitor whole ecosystem using metabarcoding",1/7/17,ongoing,LBC_unreplenished_3,2 meters,coral,Belize,NA,Lisa Carne
Global ARMS Program,16.5,-88.17,"benthic invertebrates, vertebrates, microbes, algae - we monitor whole ecosystem using metabarcoding",1/28/17,ongoing,Moho_plot3_3,2 meters,coral,Belize,NA,Lisa Carne
Global ARMS Program,16.67,42.54,"benthic invertebrates, vertebrates, microbes, algae - we monitor whole ecosystem using metabarcoding",7/31/14,ongoing,RSF13_03,10 meters,Nearshore reef,Saudi Arabia,Farasan,Susana Carvalho
Global ARMS Program,16.72,-169.52,"benthic invertebrates, vertebrates, microbes, algae - we monitor whole ecosystem using metabarcoding",12/31/09,12/31/11,JOH-11_2010_C,12 meters,Lagoon,United States of America,Johnston,Molly Timmers
Global ARMS Program,16.75,-169.52,"benthic invertebrates, vertebrates, microbes, algae - we monitor whole ecosystem using metabarcoding",12/31/09,12/31/11,JOH-12_2010_C,12 meters,Lagoon,United States of America,Johnston,Molly Timmers
Global ARMS Program,16.76,-169.51,"benthic invertebrates, vertebrates, microbes, algae - we monitor whole ecosystem using metabarcoding",12/31/09,12/31/11,JOH-10_2010_C,14 meters,Lagoon,United States of America,Johnston,Molly Timmers
Global ARMS Program,16.79,42.19,"benthic invertebrates, vertebrates, microbes, algae - we monitor whole ecosystem using metabarcoding",1/31/15,ongoing,R24_03,8 meters,Midshore reef,Saudi Arabia,Farasan,Susana Carvalho
Global ARMS Program,16.79,-88.08,"benthic invertebrates, vertebrates, microbes, algae - we monitor whole ecosystem using metabarcoding",9/30/12,ongoing,CAR-01_9,10 meters,Coral reef,Belize,Carrie Bow Cay,Matthieu Leray
Global ARMS Program,16.8,-88.08,"benthic invertebrates, vertebrates, microbes, algae - we monitor whole ecosystem using metabarcoding",9/30/12,ongoing,CAR-03_9,10 meters,Coral reef,Belize,Carrie Bow Cay,Matthieu Leray
Global ARMS Program,16.87,42.25,"benthic invertebrates, vertebrates, microbes, algae - we monitor whole ecosystem using metabarcoding",1/31/15,ongoing,R18_03,8 meters,Nearshore reef,Saudi Arabia,Farasan,Susana Carvalho
Global ARMS Program,16.9,41.57,"benthic invertebrates, vertebrates, microbes, algae - we monitor whole ecosystem using metabarcoding",1/31/15,ongoing,R22_03,9 meters,Offshore reef,Saudi Arabia,Farasan,Susana Carvalho
Global ARMS Program,17.17,-87.48,"benthic invertebrates, vertebrates, microbes, algae - we monitor whole ecosystem using metabarcoding",12/15/15,ongoing,CalCa-02,2 meters,Patch Reef,Belize,Calabash Caye,Nathan Stewart
Global ARMS Program,17.93,-67.05,"benthic invertebrates, vertebrates, microbes, algae - we monitor whole ecosystem using metabarcoding",11/8/10,ongoing,PUR-02_3,15 meters,Forereef,Puerto Rico,Puerto Rico,Ernesto Weil
Global ARMS Program,17.93,-67.02,"benthic invertebrates, vertebrates, microbes, algae - we monitor whole ecosystem using metabarcoding",11/8/10,ongoing,PUR-01_3,15 meters,Forereef,Puerto Rico,Puerto Rico,Ernesto Weil
Global ARMS Program,17.95,-67.04,"benthic invertebrates, vertebrates, microbes, algae - we monitor whole ecosystem using metabarcoding",11/8/10,ongoing,PUR-03_3,13 meters,Forereef,Puerto Rico,Puerto Rico,Ernesto Weil
Global ARMS Program,18.05,145.71,"benthic invertebrates, vertebrates, microbes, algae - we monitor whole ecosystem using metabarcoding",4/20/14,ongoing,PAG-20_2014_C,15 meters,Forereef,Northern Mariana Islands,Pagan,Molly Timmers
Global ARMS Program,18.07,145.71,"benthic invertebrates, vertebrates, microbes, algae - we monitor whole ecosystem using metabarcoding",12/31/10,12/31/13,PAG-09_2011_C,11 meters,Forereef,Northern Mariana Islands,Pagan,Molly Timmers
Global ARMS Program,18.09,145.74,"benthic invertebrates, vertebrates, microbes, algae - we monitor whole ecosystem using metabarcoding",12/31/08,12/31/10,PAG-06_2009_C,14 meters,Forereef,Northern Mariana Islands,Pagan,Molly Timmers
Global ARMS Program,18.1,145.76,"benthic invertebrates, vertebrates, microbes, algae - we monitor whole ecosystem using metabarcoding",4/19/14,ongoing,PAG-13_2014_C,14 meters,Forereef,Northern Mariana Islands,Pagan,Molly Timmers
Global ARMS Program,18.11,145.79,"benthic invertebrates, vertebrates, microbes, algae - we monitor whole ecosystem using metabarcoding",12/31/10,12/31/13,PAG-01_2011_C,11 meters,Forereef,Northern Mariana Islands,Pagan,Molly Timmers
Global ARMS Program,18.12,145.76,"benthic invertebrates, vertebrates, microbes, algae - we monitor whole ecosystem using metabarcoding",12/31/10,12/31/13,PAG-05_2011_C,12 meters,Forereef,Northern Mariana Islands,Pagan,Molly Timmers
Global ARMS Program,18.12,145.75,"benthic invertebrates, vertebrates, microbes, algae - we monitor whole ecosystem using metabarcoding",4/22/14,ongoing,PAG-22_2014_C,14 meters,Forereef,Northern Mariana Islands,Pagan,Molly Timmers
Global ARMS Program,18.17,145.79,"benthic invertebrates, vertebrates, microbes, algae - we monitor whole ecosystem using metabarcoding",4/21/14,ongoing,PAG-21_2014_C,15 meters,Forereef,Northern Mariana Islands,Pagan,Molly Timmers
Global ARMS Program,18.94,-155.69,"benthic invertebrates, vertebrates, microbes, algae - we monitor whole ecosystem using metabarcoding",12/31/07,12/31/09,HAW-14_2008_C,12 meters,Forereef,United States of America,Hawaii,Molly Timmers
Global ARMS Program,18.97,-155.73,"benthic invertebrates, vertebrates, microbes, algae - we monitor whole ecosystem using metabarcoding",12/31/09,12/31/12,HAW-22_2010_C,15 meters,Forereef,United States of America,Hawaii,Molly Timmers
Global ARMS Program,19.04,-155.88,"benthic invertebrates, vertebrates, microbes, algae - we monitor whole ecosystem using metabarcoding",12/31/09,12/31/12,HAW-24_2010_C,15 meters,Forereef,United States of America,Hawaii,Molly Timmers
Global ARMS Program,19.06,-155.55,"benthic invertebrates, vertebrates, microbes, algae - we monitor whole ecosystem using metabarcoding",8/6/13,ongoing,HAW-48_2013_C,13 meters,Forereef,United States of America,Hawaii,Molly Timmers
Global ARMS Program,19.24,-155.9,"benthic invertebrates, vertebrates, microbes, algae - we monitor whole ecosystem using metabarcoding",8/3/13,ongoing,HAW-43_2013_C,15 meters,Forereef,United States of America,Hawaii,Molly Timmers
Global ARMS Program,19.27,166.65,"benthic invertebrates, vertebrates, microbes, algae - we monitor whole ecosystem using metabarcoding",12/31/10,12/31/13,WAK-09_2011_C,14 meters,Forereef,United States of America,Wake,Molly Timmers
Global ARMS Program,19.28,166.63,"benthic invertebrates, vertebrates, microbes, algae - we monitor whole ecosystem using metabarcoding",3/15/14,ongoing,WAK-01_2014_C,16 meters,Forereef,United States of America,Wake,Molly Timmers
Global ARMS Program,19.31,166.65,"benthic invertebrates, vertebrates, microbes, algae - we monitor whole ecosystem using metabarcoding",3/17/14,ongoing,WAK-24_2014_C,15 meters,Forereef,United States of America,Wake,Molly Timmers
Global ARMS Program,19.31,166.6,"benthic invertebrates, vertebrates, microbes, algae - we monitor whole ecosystem using metabarcoding",12/31/08,12/31/10,WAK-10_2009_C,2 meters,Lagoon,United States of America,Wake,Molly Timmers
Global ARMS Program,19.32,166.63,"benthic invertebrates, vertebrates, microbes, algae - we monitor whole ecosystem using metabarcoding",3/17/14,ongoing,WAK-23_2014_C,14 meters,Forereef,United States of America,Wake,Molly Timmers
Global ARMS Program,19.32,166.59,"benthic invertebrates, vertebrates, microbes, algae - we monitor whole ecosystem using metabarcoding",3/16/14,ongoing,WAK-08_2014_C,12 meters,Forereef,United States of America,Wake,Molly Timmers
Global ARMS Program,19.32,166.6,"benthic invertebrates, vertebrates, microbes, algae - we monitor whole ecosystem using metabarcoding",12/31/10,12/31/13,WAK-08_2011_A,12 meters,Forereef,United States of America,Wake,Molly Timmers
Global ARMS Program,19.34,-81.39,"benthic invertebrates, vertebrates, microbes, algae - we monitor whole ecosystem using metabarcoding",11/15/10,ongoing,GCA-03-03,13 meters,Forereef,Cayman Islands,Grand Cayman,John Bothwell
Global ARMS Program,19.36,-81.39,"benthic invertebrates, vertebrates, microbes, algae - we monitor whole ecosystem using metabarcoding",11/14/10,ongoing,GCA-02-03,12 meters,Forereef,Cayman Islands,Grand Cayman,John Bothwell
Global ARMS Program,19.36,-81.4,"benthic invertebrates, vertebrates, microbes, algae - we monitor whole ecosystem using metabarcoding",11/14/10,ongoing,GCA-01-03,12 meters,Forereef,Cayman Islands,Grand Cayman,John Bothwell
Global ARMS Program,19.49,-154.82,"benthic invertebrates, vertebrates, microbes, algae - we monitor whole ecosystem using metabarcoding",8/5/13,ongoing,HAW-46_2013_C,12 meters,Forereef,United States of America,Hawaii,Molly Timmers
Global ARMS Program,19.85,-155.26,"benthic invertebrates, vertebrates, microbes, algae - we monitor whole ecosystem using metabarcoding",N/A,ongoing,2018_HI_AIS4,8 meters,reef,United States of America,NA,Scott Godwin
Global ARMS Program,19.9,40.52,"benthic invertebrates, vertebrates, microbes, algae - we monitor whole ecosystem using metabarcoding",4/30/15,ongoing,AL_R3_03,9 meters,Nearshore reef,Saudi Arabia,Al Brakeet,Susana Carvalho
Global ARMS Program,20.01,145.21,"benthic invertebrates, vertebrates, microbes, algae - we monitor whole ecosystem using metabarcoding",4/27/14,ongoing,MAU-20_2014_C,15 meters,Forereef,Northern Mariana Islands,Maug,Molly Timmers
Global ARMS Program,20.01,145.23,"benthic invertebrates, vertebrates, microbes, algae - we monitor whole ecosystem using metabarcoding",12/31/10,12/31/13,MAU-04_2011_C,15 meters,Forereef,Northern Mariana Islands,Maug,Molly Timmers
Global ARMS Program,20.02,145.24,"benthic invertebrates, vertebrates, microbes, algae - we monitor whole ecosystem using metabarcoding",5/3/14,ongoing,MAU-12_2014_C,14 meters,Forereef,Northern Mariana Islands,Maug,Molly Timmers
Global ARMS Program,20.03,145.21,"benthic invertebrates, vertebrates, microbes, algae - we monitor whole ecosystem using metabarcoding",12/31/10,12/31/13,MAU-09_2011_A,17 meters,Forereef,Northern Mariana Islands,Maug,Molly Timmers
Global ARMS Program,20.04,145.22,"benthic invertebrates, vertebrates, microbes, algae - we monitor whole ecosystem using metabarcoding",5/2/14,ongoing,MAU-05_2014_C,15 meters,Forereef,Northern Mariana Islands,Maug,Molly Timmers
Global ARMS Program,20.12,40.22,"benthic invertebrates, vertebrates, microbes, algae - we monitor whole ecosystem using metabarcoding",4/30/15,ongoing,AL_R7_03,1900 meters,Nearshore reef,Saudi Arabia,Shi'b Habil,Susana Carvalho
Global ARMS Program,20.14,40.23,"benthic invertebrates, vertebrates, microbes, algae - we monitor whole ecosystem using metabarcoding",4/30/15,ongoing,AL_R2_03,9 meters,Nearshore reef,Saudi Arabia,Al Lith Coast guard,Susana Carvalho
Global ARMS Program,20.27,-155.86,"benthic invertebrates, vertebrates, microbes, algae - we monitor whole ecosystem using metabarcoding",8/2/13,ongoing,HAW-41_2013_C,13 meters,Forereef,United States of America,Hawaii,Molly Timmers
Global ARMS Program,20.49,39.63,"benthic invertebrates, vertebrates, microbes, algae - we monitor whole ecosystem using metabarcoding",4/30/15,ongoing,AL_R5_03,9 meters,Nearshore reef,Saudi Arabia,Al Mojermah,Susana Carvalho
Global ARMS Program,20.49,-157.3,"benthic invertebrates, vertebrates, microbes, algae - we monitor whole ecosystem using metabarcoding",N/A,ongoing,2018_MA_AIS4,8 meters,reef,United States of America,NA,Scott Godwin
Global ARMS Program,20.76,-155.98,"benthic invertebrates, vertebrates, microbes, algae - we monitor whole ecosystem using metabarcoding",12/31/09,12/31/12,MAI-01_2010_C,12 meters,Forereef,United States of America,Maui,Molly Timmers
Global ARMS Program,21.07,39.2,"benthic invertebrates, vertebrates, microbes, algae - we monitor whole ecosystem using metabarcoding",5/31/14,ongoing,JDH_03_06,10 meters,Nearshore reef,Saudi Arabia,South of Jeddah; Qaham reef,Susana Carvalho
Global ARMS Program,21.22,39.12,"benthic invertebrates, vertebrates, microbes, algae - we monitor whole ecosystem using metabarcoding",5/31/14,ongoing,JDH_02_06,10 meters,Nearshore reef,Saudi Arabia,South of Jeddah,Susana Carvalho
Global ARMS Program,21.26,-157.86,"benthic invertebrates, vertebrates, microbes, algae - we monitor whole ecosystem using metabarcoding",N/A,ongoing,2018_OA_AIS4,8 meters,reef,United States of America,NA,Scott Godwin
Global ARMS Program,21.29,-157.87,"benthic invertebrates, vertebrates, microbes, algae - we monitor whole ecosystem using metabarcoding",12/31/08,12/31/11,OAH-ARMS-G03_2009_F,12 meters,Forereef,United States of America,Oahu,Molly Timmers
Global ARMS Program,21.31,-158.13,"benthic invertebrates, vertebrates, microbes, algae - we monitor whole ecosystem using metabarcoding",9/17/13,ongoing,OAH-21_2013_C,15 meters,Forereef,United States of America,Oahu,Molly Timmers
Global ARMS Program,21.32,-157.65,"benthic invertebrates, vertebrates, microbes, algae - we monitor whole ecosystem using metabarcoding",12/31/09,12/31/12,OAH-12_2010_C,15 meters,Forereef,United States of America,Oahu,Molly Timmers
Global ARMS Program,21.38,-157.69,"benthic invertebrates, vertebrates, microbes, algae - we monitor whole ecosystem using metabarcoding",12/31/07,12/31/09,OAH-15_2008_B,14 meters,Forereef,United States of America,Oahu,Molly Timmers
Global ARMS Program,21.41,-157.71,"benthic invertebrates, vertebrates, microbes, algae - we monitor whole ecosystem using metabarcoding",12/31/07,12/31/09,OAH-14_2008_A,14 meters,Forereef,United States of America,Oahu,Molly Timmers
Global ARMS Program,21.43,-157.79,"benthic invertebrates, vertebrates, microbes, algae - we monitor whole ecosystem using metabarcoding",1/29/16,ongoing,KANBLZARMS12,6 meters,Patch Reef,United States of America,Kaneohe Bay,Mary Hagedorn
Global ARMS Program,21.45,-157.8,"benthic invertebrates, vertebrates, microbes, algae - we monitor whole ecosystem using metabarcoding",1/29/16,ongoing,KANBLZARMS17,5 meters,Patch Reef,United States of America,Kaneohe Bay,Mary Hagedorn
Global ARMS Program,21.45,39.1,"benthic invertebrates, vertebrates, microbes, algae - we monitor whole ecosystem using metabarcoding",5/31/14,ongoing,JDH_01_06,10 meters,Nearshore reef,Saudi Arabia,Jeddah harbour; Janib Sa'ara reef,Susana Carvalho
Global ARMS Program,21.46,-157.82,"benthic invertebrates, vertebrates, microbes, algae - we monitor whole ecosystem using metabarcoding",1/29/16,ongoing,KANBLZARMS27,5 meters,Patch Reef,United States of America,Kaneohe Bay,Mary Hagedorn
Global ARMS Program,21.48,-157.83,"benthic invertebrates, vertebrates, microbes, algae - we monitor whole ecosystem using metabarcoding",1/29/16,ongoing,KANBLZARMS32,5 meters,Patch Reef,United States of America,Kaneohe Bay,Mary Hagedorn
Global ARMS Program,21.48,-157.78,"benthic invertebrates, vertebrates, microbes, algae - we monitor whole ecosystem using metabarcoding",10/21/13,ongoing,OAH-22_2013_C,13 meters,Forereef,United States of America,Oahu,Molly Timmers
Global ARMS Program,21.49,-157.84,"benthic invertebrates, vertebrates, microbes, algae - we monitor whole ecosystem using metabarcoding",1/29/16,ongoing,KANBLZARMS37,3 meters,Patch Reef,United States of America,Kaneohe Bay,Mary Hagedorn
Global ARMS Program,21.49,-157.83,"benthic invertebrates, vertebrates, microbes, algae - we monitor whole ecosystem using metabarcoding",1/29/16,ongoing,KANBLZARMS42,10 meters,Patch Reef,United States of America,Kaneohe Bay,Mary Hagedorn
Global ARMS Program,21.59,-158.18,"benthic invertebrates, vertebrates, microbes, algae - we monitor whole ecosystem using metabarcoding",8/17/13,ongoing,OAH-20_2013_C,14 meters,Forereef,United States of America,Oahu,Molly Timmers
Global ARMS Program,21.89,-159.61,"benthic invertebrates, vertebrates, microbes, algae - we monitor whole ecosystem using metabarcoding",12/31/09,12/31/12,KAU-06_2010_B,12 meters,Forereef,United States of America,Kauai,Molly Timmers
Global ARMS Program,21.93,-159.66,"benthic invertebrates, vertebrates, microbes, algae - we monitor whole ecosystem using metabarcoding",12/31/07,12/31/09,KAU-12_2008_B,17 meters,Forereef,United States of America,Kauai,Molly Timmers
Global ARMS Program,21.99,-159.57,"benthic invertebrates, vertebrates, microbes, algae - we monitor whole ecosystem using metabarcoding",N/A,ongoing,2018_KA_AIS4,8 meters,reef,United States of America,NA,Scott Godwin
Global ARMS Program,22.09,38.77,"benthic invertebrates, vertebrates, microbes, algae - we monitor whole ecosystem using metabarcoding",5/31/15,ongoing,ABM_06,10 meters,Offshore reef,Saudi Arabia,Abu Madafi,Susana Carvalho
Global ARMS Program,22.13,38.97,"benthic invertebrates, vertebrates, microbes, algae - we monitor whole ecosystem using metabarcoding",5/31/15,ongoing,ASTF_06,9 meters,Midshore reef,Saudi Arabia,Abu Shootaf,Susana Carvalho
Global ARMS Program,22.16,-159.73,"benthic invertebrates, vertebrates, microbes, algae - we monitor whole ecosystem using metabarcoding",12/31/07,12/31/09,KAU-14_2008_B,16 meters,Forereef,United States of America,Kauai,Molly Timmers
Global ARMS Program,22.16,-159.3,"benthic invertebrates, vertebrates, microbes, algae - we monitor whole ecosystem using metabarcoding",12/31/09,12/31/12,KAU-02_2010_B,14 meters,Forereef,United States of America,Kauai,Molly Timmers
Global ARMS Program,22.17,-159.68,"benthic invertebrates, vertebrates, microbes, algae - we monitor whole ecosystem using metabarcoding",12/31/09,12/31/12,KAU-08_2010_B,12 meters,Forereef,United States of America,Kauai,Molly Timmers
Global ARMS Program,22.19,114.13,"benthic invertebrates, vertebrates, microbes, algae - we monitor whole ecosystem using metabarcoding",1/16/18,1/16/19,2018_HKARMS_27,4 meters,rocky bottom,China,South,David M. Baker
Global ARMS Program,22.21,114.26,"benthic invertebrates, vertebrates, microbes, algae - we monitor whole ecosystem using metabarcoding",1/16/18,1/16/19,2018_HKARMS_24,4 meters,patchy coral communities,China,East,David M. Baker
Global ARMS Program,22.22,38.95,"benthic invertebrates, vertebrates, microbes, algae - we monitor whole ecosystem using metabarcoding",5/31/15,ongoing,ALFS_06,9 meters,Midshore reef,Saudi Arabia,Al Fahal South,Susana Carvalho
Global ARMS Program,22.23,39.03,"benthic invertebrates, vertebrates, microbes, algae - we monitor whole ecosystem using metabarcoding",1/31/13,4/30/15,KST-01_3,10 meters,Coral reef,Saudi Arabia,KAUST,Matthieu Leray
Global ARMS Program,22.28,113.89,"benthic invertebrates, vertebrates, microbes, algae - we monitor whole ecosystem using metabarcoding",1/17/18,1/17/19,2018_HKARMS_30,4 meters,silty bottom,China,South,David M. Baker
Global ARMS Program,22.29,39.04,"benthic invertebrates, vertebrates, microbes, algae - we monitor whole ecosystem using metabarcoding",5/31/15,ongoing,ASHA_06,12 meters,Nearshore reef,Saudi Arabia,Abu Shoosha,Susana Carvalho
Global ARMS Program,22.29,114.03,"benthic invertebrates, vertebrates, microbes, algae - we monitor whole ecosystem using metabarcoding",1/17/18,1/17/19,2018_HKARMS_33,4 meters,sandy bottom,China,South,David M. Baker
Global ARMS Program,22.3,38.96,"benthic invertebrates, vertebrates, microbes, algae - we monitor whole ecosystem using metabarcoding",1/31/13,4/30/15,KST-02_3,10 meters,Coral reef,Saudi Arabia,KAUST,Matthieu Leray
Global ARMS Program,22.32,38.85,"benthic invertebrates, vertebrates, microbes, algae - we monitor whole ecosystem using metabarcoding",1/31/13,4/30/15,KST-03_6,10 meters,Coral reef,Saudi Arabia,KAUST,Matthieu Leray
Global ARMS Program,22.32,114.35,"benthic invertebrates, vertebrates, microbes, algae - we monitor whole ecosystem using metabarcoding",1/15/18,1/15/19,2018_HKARMS_21,4 meters,patchy coral communities,China,East,David M. Baker
Global ARMS Program,22.37,39.05,"benthic invertebrates, vertebrates, microbes, algae - we monitor whole ecosystem using metabarcoding",5/31/15,ongoing,KAEC_06,12 meters,Nearshore reef,Saudi Arabia,Ra's Khurmah,Susana Carvalho
Global ARMS Program,22.44,114.22,"benthic invertebrates, vertebrates, microbes, algae - we monitor whole ecosystem using metabarcoding",1/14/18,1/14/19,2018_HKARMS_15,4 meters,sandy bottom,China,Northeast,David M. Baker
Global ARMS Program,22.54,114.44,"benthic invertebrates, vertebrates, microbes, algae - we monitor whole ecosystem using metabarcoding",1/15/18,1/15/19,2018_HKARMS_18,4 meters,patchy coral communities,China,Northeast,David M. Baker
Global ARMS Program,22.65,38.95,"benthic invertebrates, vertebrates, microbes, algae - we monitor whole ecosystem using metabarcoding",5/31/15,ongoing,AWS_06,10 meters,Midshore reef,Saudi Arabia,Al Wasel south,Susana Carvalho
Global ARMS Program,22.67,38.94,"benthic invertebrates, vertebrates, microbes, algae - we monitor whole ecosystem using metabarcoding",5/31/15,ongoing,AWN_06,12 meters,Midshore reef,Saudi Arabia,Al Wasel north,Susana Carvalho
Global ARMS Program,23.25,119.65,"benthic invertebrates, vertebrates, microbes, algae - we monitor whole ecosystem using metabarcoding",1/10/11,1/10/12,Tong_9,5 meters,Cora,"Taiwan, Republic of China",TongGee,Ryuji Machida
Global ARMS Program,23.53,119.55,"benthic invertebrates, vertebrates, microbes, algae - we monitor whole ecosystem using metabarcoding",1/10/11,1/10/12,Chin_9,5 meters,Cora,"Taiwan, Republic of China",ChinWan Inner Bay,Ryuji Machida
Global ARMS Program,23.63,-166.13,"benthic invertebrates, vertebrates, microbes, algae - we monitor whole ecosystem using metabarcoding",12/31/09,12/31/12,FFS-34_2010_C,10 meters,Forereef,United States of America,French Frigate Shoals,Molly Timmers
Global ARMS Program,23.64,-166.19,"benthic invertebrates, vertebrates, microbes, algae - we monitor whole ecosystem using metabarcoding",9/5/13,ongoing,FFS-40_2013_C,14 meters,Forereef,United States of America,French Frigate Shoals,Molly Timmers
Global ARMS Program,23.64,-166.18,"benthic invertebrates, vertebrates, microbes, algae - we monitor whole ecosystem using metabarcoding",10/24/06,ongoing,FFS-Census4_2006_C,13 meters,Forereef,United States of America,French Frigate Shoals,Molly Timmers
Global ARMS Program,23.7,-166.06,"benthic invertebrates, vertebrates, microbes, algae - we monitor whole ecosystem using metabarcoding",10/18/06,ongoing,FFS-Census1_2006_C,13 meters,Forereef,United States of America,French Frigate Shoals,Molly Timmers
Global ARMS Program,23.79,-166.23,"benthic invertebrates, vertebrates, microbes, algae - we monitor whole ecosystem using metabarcoding",12/31/09,12/31/12,FFS-35_2010_C,9 meters,Lagoon,United States of America,French Frigate Shoals,Molly Timmers
Global ARMS Program,23.79,-166.25,"benthic invertebrates, vertebrates, microbes, algae - we monitor whole ecosystem using metabarcoding",9/5/13,ongoing,FFS-41_2013_C,14 meters,Forereef,United States of America,French Frigate Shoals,Molly Timmers
Global ARMS Program,23.81,-166.23,"benthic invertebrates, vertebrates, microbes, algae - we monitor whole ecosystem using metabarcoding",12/31/09,12/31/12,FFS-32_2010_C,8 meters,Lagoon patch reef,United States of America,French Frigate Shoals,Molly Timmers
Global ARMS Program,23.84,-166.12,"benthic invertebrates, vertebrates, microbes, algae - we monitor whole ecosystem using metabarcoding",9/6/13,ongoing,FFS-44_2013_C,17 meters,Forereef,United States of America,French Frigate Shoals,Molly Timmers
Global ARMS Program,23.84,-166.27,"benthic invertebrates, vertebrates, microbes, algae - we monitor whole ecosystem using metabarcoding",10/24/06,ongoing,FFS-Census3_2006_C,10 meters,Lagoon,United States of America,French Frigate Shoals,Molly Timmers
Global ARMS Program,23.87,-166.21,"benthic invertebrates, vertebrates, microbes, algae - we monitor whole ecosystem using metabarcoding",10/21/06,ongoing,FFS-Census2_2006_C,3 meters,Backreef,United States of America,French Frigate Shoals,Molly Timmers
Global ARMS Program,23.88,-166.29,"benthic invertebrates, vertebrates, microbes, algae - we monitor whole ecosystem using metabarcoding",9/6/13,ongoing,FFS-42_2013_C,17 meters,Forereef,United States of America,French Frigate Shoals,Molly Timmers
Global ARMS Program,23.88,-166.27,"benthic invertebrates, vertebrates, microbes, algae - we monitor whole ecosystem using metabarcoding",12/31/07,12/31/09,FFS-H6_2008_A,12 meters,Forereef,United States of America,French Frigate Shoals,Molly Timmers
Global ARMS Program,24.54,-81.41,"benthic invertebrates, vertebrates, microbes, algae - we monitor whole ecosystem using metabarcoding",1/11/11,1/2/17,FK_Looe03C,12 meters,fore reef,United States of America,Looe Key Reef,Rüdiger Bieler
Global ARMS Program,24.61,-82.87,"benthic invertebrates, vertebrates, microbes, algae - we monitor whole ecosystem using metabarcoding",7/10/12,ongoing,DRY-01_2012_C,12 meters,Forereef,United States of America,Dry Tortugas,Molly Timmers
Global ARMS Program,24.62,-82.87,"benthic invertebrates, vertebrates, microbes, algae - we monitor whole ecosystem using metabarcoding",7/10/12,ongoing,DRY-03_2012_C,12 meters,Forereef,United States of America,Dry Tortugas,Molly Timmers
Global ARMS Program,25.38,-170.57,"benthic invertebrates, vertebrates, microbes, algae - we monitor whole ecosystem using metabarcoding",9/18/08,ongoing,MAR-22_2008_C,16 meters,Forereef,United States of America,Maro,Molly Timmers
Global ARMS Program,25.46,-170.68,"benthic invertebrates, vertebrates, microbes, algae - we monitor whole ecosystem using metabarcoding",9/17/08,ongoing,MAR-R1_2008_C,12 meters,Forereef,United States of America,Maro,Molly Timmers
Global ARMS Program,25.47,-170.64,"benthic invertebrates, vertebrates, microbes, algae - we monitor whole ecosystem using metabarcoding",9/17/08,ongoing,MAR-R12_2008_C,14 meters,Forereef,United States of America,Maro,Molly Timmers
Global ARMS Program,25.94,-173.95,"benthic invertebrates, vertebrates, microbes, algae - we monitor whole ecosystem using metabarcoding",12/31/09,12/31/12,LIS-R10_2010_C,15 meters,Forereef,United States of America,Lisianski,Molly Timmers
Global ARMS Program,26,-173.99,"benthic invertebrates, vertebrates, microbes, algae - we monitor whole ecosystem using metabarcoding",12/31/09,12/31/12,LIS-18_2010_A,8 meters,Forereef,United States of America,Lisianski,Molly Timmers
Global ARMS Program,26.03,-80.11,"benthic invertebrates, vertebrates, microbes, algae - we monitor whole ecosystem using metabarcoding",1/16/09,12/31/09,DBBC5_3,9 meters,Backreef,United States of America,Dania Beach,Lisa McManus
Global ARMS Program,26.08,-174,"benthic invertebrates, vertebrates, microbes, algae - we monitor whole ecosystem using metabarcoding",12/31/09,12/31/12,LIS-R14_2010_C,15 meters,Forereef,United States of America,Lisianski,Molly Timmers
Global ARMS Program,26.95,-80.08,"benthic invertebrates, vertebrates, microbes, algae - we monitor whole ecosystem using metabarcoding",N/A,ongoing,BLM072017_1,3 meters,Rocky Shoreline,United States of America,NA,Dr. Jessica Miles
Global ARMS Program,26.96,-80.05,"benthic invertebrates, vertebrates, microbes, algae - we monitor whole ecosystem using metabarcoding",1/8/17,ongoing,JM072017(1),18 meters,Artificial Reef,United States of America,NA,Dr. Jessica Miles
Global ARMS Program,26.96,-80.06,"benthic invertebrates, vertebrates, microbes, algae - we monitor whole ecosystem using metabarcoding",1/8/17,ongoing,JM072017(2),18 meters,Artificial Reef,United States of America,NA,Dr. Jessica Miles
Global ARMS Program,27.07,35.78,"benthic invertebrates, vertebrates, microbes, algae - we monitor whole ecosystem using metabarcoding",7/31/14,ongoing,DR6_03,10 meters,Nearshore reef,Saudi Arabia,Duba; An-Nu'Man reef,Susana Carvalho
Global ARMS Program,27.15,-80.17,"benthic invertebrates, vertebrates, microbes, algae - we monitor whole ecosystem using metabarcoding",12/8/09,6/3/10,IRLFL_042,2 meters,sand,United States of America,Martin_Pecks Lake,Chris Meyer
Global ARMS Program,27.27,35.64,"benthic invertebrates, vertebrates, microbes, algae - we monitor whole ecosystem using metabarcoding",7/31/14,ongoing,DR7_03,10 meters,Midshore reef,Saudi Arabia,Duba,Susana Carvalho
Global ARMS Program,27.47,-80.3,"benthic invertebrates, vertebrates, microbes, algae - we monitor whole ecosystem using metabarcoding",12/9/09,6/4/10,IRLFL_027,2 meters,sand,United States of America,St. Lucie_Coast Guard Station,Chris Meyer
Global ARMS Program,27.48,-80.3,"benthic invertebrates, vertebrates, microbes, algae - we monitor whole ecosystem using metabarcoding",6/2/13,ongoing,FTP-03_14,1 meters,Osyter reef,United States of America,Fort Pierce,Matthieu Leray
Global ARMS Program,27.54,-80.35,"benthic invertebrates, vertebrates, microbes, algae - we monitor whole ecosystem using metabarcoding",11/30/09,6/5/10,IRLFL_033,2 meters,sand,United States of America,St. Lucie_Harbor Branch,Chris Meyer
Global ARMS Program,27.67,35.46,"benthic invertebrates, vertebrates, microbes, algae - we monitor whole ecosystem using metabarcoding",7/31/14,ongoing,DR12_03,10 meters,Nearshore reef,Saudi Arabia,Duba,Susana Carvalho
Global ARMS Program,27.75,-175.95,"benthic invertebrates, vertebrates, microbes, algae - we monitor whole ecosystem using metabarcoding",12/31/09,12/31/12,PHR-R42_2010_A,15 meters,Forereef,United States of America,Pearl and Hermes,Molly Timmers
Global ARMS Program,27.78,-175.88,"benthic invertebrates, vertebrates, microbes, algae - we monitor whole ecosystem using metabarcoding",9/10/13,ongoing,PHR-54_2013_C,14 meters,Forereef,United States of America,Pearl and Hermes,Molly Timmers
Global ARMS Program,27.79,-175.82,"benthic invertebrates, vertebrates, microbes, algae - we monitor whole ecosystem using metabarcoding",12/31/09,12/31/12,PHR-33_2010_C,14 meters,Forereef,United States of America,Pearl and Hermes,Molly Timmers
Global ARMS Program,27.79,-175.78,"benthic invertebrates, vertebrates, microbes, algae - we monitor whole ecosystem using metabarcoding",12/31/09,12/31/12,PHR-R26_2010_C,14 meters,Forereef,United States of America,Pearl and Hermes,Molly Timmers
Global ARMS Program,27.83,-175.79,"benthic invertebrates, vertebrates, microbes, algae - we monitor whole ecosystem using metabarcoding",12/31/07,12/31/09,PHR-R31_2008_C,2 meters,Lagoon,United States of America,Pearl and Hermes,Molly Timmers
Global ARMS Program,27.84,35.3,"benthic invertebrates, vertebrates, microbes, algae - we monitor whole ecosystem using metabarcoding",7/31/14,ongoing,DR10_03,10 meters,Nearshore reef,Saudi Arabia,Duba,Susana Carvalho
Global ARMS Program,27.87,-175.73,"benthic invertebrates, vertebrates, microbes, algae - we monitor whole ecosystem using metabarcoding",9/9/13,ongoing,PHR-51_2013_C,15 meters,Forereef,United States of America,Pearl and Hermes,Molly Timmers
Global ARMS Program,27.88,-175.93,"benthic invertebrates, vertebrates, microbes, algae - we monitor whole ecosystem using metabarcoding",12/31/07,12/31/09,PHR-23_2008_C,2 meters,Lagoon,United States of America,Pearl and Hermes,Molly Timmers
Global ARMS Program,27.92,35.18,"benthic invertebrates, vertebrates, microbes, algae - we monitor whole ecosystem using metabarcoding",7/31/14,ongoing,DR8_03,10 meters,Nearshore reef,Saudi Arabia,Duba,Susana Carvalho
Global ARMS Program,27.93,35.23,"benthic invertebrates, vertebrates, microbes, algae - we monitor whole ecosystem using metabarcoding",7/31/14,ongoing,DR9_03,10 meters,Midshore reef,Saudi Arabia,Duba,Susana Carvalho
Global ARMS Program,27.94,-175.86,"benthic invertebrates, vertebrates, microbes, algae - we monitor whole ecosystem using metabarcoding",9/9/13,ongoing,PHR-52_2013_C,15 meters,Forereef,United States of America,Pearl and Hermes,Molly Timmers
Global ARMS Program,28.01,-80.57,"benthic invertebrates, vertebrates, microbes, algae - we monitor whole ecosystem using metabarcoding",12/10/09,6/8/10,IRLFL_048,2 meters,sand,United States of America,Brevard_Melbourne,Chris Meyer
Global ARMS Program,28.19,-177.4,"benthic invertebrates, vertebrates, microbes, algae - we monitor whole ecosystem using metabarcoding",9/24/08,ongoing,MID-R3_2008_C,14 meters,Forereef,United States of America,Midway,Molly Timmers
Global ARMS Program,28.2,-177.38,"benthic invertebrates, vertebrates, microbes, algae - we monitor whole ecosystem using metabarcoding",9/24/08,ongoing,MID-R7_2008_C,14 meters,Forereef,United States of America,Midway,Molly Timmers
Global ARMS Program,28.2,-177.35,"benthic invertebrates, vertebrates, microbes, algae - we monitor whole ecosystem using metabarcoding",9/27/08,ongoing,MID-02_2008_C,12 meters,Forereef,United States of America,Midway,Molly Timmers
Global ARMS Program,28.21,-80.66,"benthic invertebrates, vertebrates, microbes, algae - we monitor whole ecosystem using metabarcoding",12/21/09,6/5/10,IRLFL_045,2 meters,sand,United States of America,Brevard_Pineda,Chris Meyer
Global ARMS Program,28.22,-177.4,"benthic invertebrates, vertebrates, microbes, algae - we monitor whole ecosystem using metabarcoding",9/25/08,ongoing,MID-H11_2008_C,4 meters,Lagoo,United States of America,Midway,Molly Timmers
Global ARMS Program,28.38,-178.32,"benthic invertebrates, vertebrates, microbes, algae - we monitor whole ecosystem using metabarcoding",12/31/09,12/31/12,KUR-12_2010_B,10 meters,Forereef,United States of America,Kure,Molly Timmers
Global ARMS Program,28.42,-178.38,"benthic invertebrates, vertebrates, microbes, algae - we monitor whole ecosystem using metabarcoding",12/31/09,12/31/12,KUR-R33_2010_A,10 meters,Forereef,United States of America,Kure,Molly Timmers
Global ARMS Program,28.42,-178.34,"benthic invertebrates, vertebrates, microbes, algae - we monitor whole ecosystem using metabarcoding",12/31/07,12/31/09,KUR-18_2008_C,3 meters,Lagoon,United States of America,Kure,Molly Timmers
Global ARMS Program,28.77,-80.84,"benthic invertebrates, vertebrates, microbes, algae - we monitor whole ecosystem using metabarcoding",12/14/09,6/6/10,IRLFL_036,2 meters,sand,United States of America,Brevard_Scottsmoor,Chris Meyer
Global ARMS Program,29.09,-80.94,"benthic invertebrates, vertebrates, microbes, algae - we monitor whole ecosystem using metabarcoding",12/15/09,6/7/10,IRLFL_030,2 meters,sand,United States of America,Volusia_Ponce Inlet,Chris Meyer
Global ARMS Program,29.45,34.97,"benthic invertebrates, vertebrates, microbes, algae - we monitor whole ecosystem using metabarcoding",9/30/11,1/31/13,JOD-02-03,10 meters,Fringing reef,Jordan,Aqaba,Nancy Knowlton
Global ARMS Program,36.62,-121.9,"benthic invertebrates, vertebrates, microbes, algae - we monitor whole ecosystem using metabarcoding",6/30/13,1/29/15,HMS-Out_6,6 meters,Outside,United States of America,Hopkins Marine Station,Jonathan Geller
Global ARMS Program,37.6,-75.63,"benthic invertebrates, vertebrates, microbes, algae - we monitor whole ecosystem using metabarcoding",4/30/13,ongoing,WCH-03_11,2 meters,Osyter reef,United States of America,Wachapreague,Matthieu Leray
Global ARMS Program,37.6,-75.62,"benthic invertebrates, vertebrates, microbes, algae - we monitor whole ecosystem using metabarcoding",4/30/13,ongoing,WCH-01_11,2 meters,Osyter reef,United States of America,Wachapreague,Matthieu Leray
Global ARMS Program,40.02,15.27,"benthic invertebrates, vertebrates, microbes, algae - we monitor whole ecosystem using metabarcoding",1/8/18,ongoing,PAL_SPA03,24 meters,NA,Italy,Palinuro,Federica Costantini
Global ARMS Program,40.03,15.27,"benthic invertebrates, vertebrates, microbes, algae - we monitor whole ecosystem using metabarcoding",1/8/18,ongoing,PAL_RIB03,17 meters,NA,Italy,Palinuro,Federica Costantini
Global ARMS Program,42.51,3.14,"benthic invertebrates, vertebrates, microbes, algae - we monitor whole ecosystem using metabarcoding",12/31/16,ongoing,BAN4_3,17 meters,NA,France,CerbÃ¨re Sud,Anne Chenuil
Global ARMS Program,42.57,8.75,"benthic invertebrates, vertebrates, microbes, algae - we monitor whole ecosystem using metabarcoding",1/12/18,ongoing,2018_FRAN_CALVI_SF3,20 meters,marine rock,France,bay of Calvi,Michele Leduc
Global ARMS Program,42.59,8.73,"benthic invertebrates, vertebrates, microbes, algae - we monitor whole ecosystem using metabarcoding",1/12/18,ongoing,2018_FRAN_CALVI_REV3,20 meters,marine rock,France,bay of Calvi,Michele Leduc
Global ARMS Program,42.6,8.8,"benthic invertebrates, vertebrates, microbes, algae - we monitor whole ecosystem using metabarcoding",1/15/18,ongoing,2018_FRAN_CALVI_SP3,20 meters,marine rock,France,bay of Calvi,Michele Leduc
Global ARMS Program,42.92,27.9,"benthic invertebrates, vertebrates, microbes, algae - we monitor whole ecosystem using metabarcoding",7/31/13,8/31/14,Che_3,7 meters,Infralittoral,Bulgaria,Cherni nos,Antoaneta Trayanova
Global ARMS Program,43.02,27.9,"benthic invertebrates, vertebrates, microbes, algae - we monitor whole ecosystem using metabarcoding",7/31/13,8/31/14,Kam_3,8 meters,Infralittoral,Bulgaria,Kamchia,Antoaneta Trayanova
Global ARMS Program,43.13,5.54,"benthic invertebrates, vertebrates, microbes, algae - we monitor whole ecosystem using metabarcoding",7/11/13,12/12/14,CCA-A3,17 meters,Infralittoral,France,Cassidaigne,Anne Chenuil
Global ARMS Program,43.17,5.39,"benthic invertebrates, vertebrates, microbes, algae - we monitor whole ecosystem using metabarcoding",6/5/13,12/11/14,RRS-S3,17 meters,Infralittoral,France,Rioux sud,Anne Chenuil
Global ARMS Program,43.21,5.26,"benthic invertebrates, vertebrates, microbes, algae - we monitor whole ecosystem using metabarcoding",1/6/17,ongoing,MAR4_3,16 meters,NA,France,Plane,Anne Chenuil
Global ARMS Program,43.27,28.05,"benthic invertebrates, vertebrates, microbes, algae - we monitor whole ecosystem using metabarcoding",7/31/13,8/31/14,Ala_3,7 meters,Infralittoral,Bulgaria,Aladja bank,Antoaneta Trayanova
Global ARMS Program,43.3,-2.22,"benthic invertebrates, vertebrates, microbes, algae - we monitor whole ecosystem using metabarcoding",4/30/13,5/31/14,Zum-03,11 meters,Infralittoral,Spain,Zumaia,Angel Borja
Global ARMS Program,43.32,5.23,"benthic invertebrates, vertebrates, microbes, algae - we monitor whole ecosystem using metabarcoding",6/13/13,12/2/14,ELV-N3,17 meters,Infralittoral,France,Elvine,Anne Chenuil
Global ARMS Program,43.33,-1.92,"benthic invertebrates, vertebrates, microbes, algae - we monitor whole ecosystem using metabarcoding",4/30/13,4/30/14,Pas-03,11 meters,Infralittoral,Spain,Pasaia,Angel Borja
Global ARMS Program,43.37,-2.5,"benthic invertebrates, vertebrates, microbes, algae - we monitor whole ecosystem using metabarcoding",5/31/13,6/30/14,Lek-03,12 meters,Infralittoral,Spain,Lekeitio,Angel Borja
Global ARMS Program,43.46,10.34,"benthic invertebrates, vertebrates, microbes, algae - we monitor whole ecosystem using metabarcoding",1/6/18,ongoing,LIV_SON03,15 meters,NA,Italy,Livorno,Federica Costantini
Global ARMS Program,43.47,10.33,"benthic invertebrates, vertebrates, microbes, algae - we monitor whole ecosystem using metabarcoding",1/7/18,ongoing,LIV_ISO03,10 meters,NA,Italy,Livorno,Federica Costantini
Global ARMS Program,43.54,13.62,"benthic invertebrates, vertebrates, microbes, algae - we monitor whole ecosystem using metabarcoding",5/31/14,6/30/15,Sca-03,9 meters,Infralittoral,Italy,La Scalaccia,Roberto Danovaro
Global ARMS Program,43.6,13.55,"benthic invertebrates, vertebrates, microbes, algae - we monitor whole ecosystem using metabarcoding",5/31/14,6/30/15,Sor-03,9 meters,Infralittoral,Italy,Due Sorelle,Roberto Danovaro
Global ARMS Program,43.62,13.52,"benthic invertebrates, vertebrates, microbes, algae - we monitor whole ecosystem using metabarcoding",6/30/14,6/30/15,Azz-03,7 meters,Infralittoral,Italy,Grotta Azzurra,Roberto Danovaro
Global ARMS Program,43.69,7.32,"benthic invertebrates, vertebrates, microbes, algae - we monitor whole ecosystem using metabarcoding",1/28/17,ongoing,VIL4_3,18 meters,NA,France,Cap Ferrat Est,Anne Chenuil
Global ARMS Program,45.04,13.62,"benthic invertebrates, vertebrates, microbes, algae - we monitor whole ecosystem using metabarcoding",1/15/18,ongoing,CRO_SAN03,18 meters,NA,Croatia,Rovigno,Federica Costantini
Global ARMS Program,45.07,13.61,"benthic invertebrates, vertebrates, microbes, algae - we monitor whole ecosystem using metabarcoding",1/13/18,ongoing,CRO_BAG03,13 meters,NA,Croatia,Rovigno,Federica Costantini
Global ARMS Program,45.09,13.62,"benthic invertebrates, vertebrates, microbes, algae - we monitor whole ecosystem using metabarcoding",1/13/18,ongoing,CRO_FIG03,15 meters,NA,Croatia,Rovigno,Federica Costantini
Global ARMS Program,45.99,-59.21,"benthic invertebrates, vertebrates, microbes, algae - we monitor whole ecosystem using metabarcoding",1/28/17,ongoing,2017_SBERS_CBU3,26 meters,"consolidated, igneous rock seabed",Canada,Scaterie Bank,Dr. Bruce G. Hatcher
Global ARMS Program,48.72,-3.97,"benthic invertebrates, vertebrates, microbes, algae - we monitor whole ecosystem using metabarcoding",1/11/18,ongoing,BDM_2018_MarBlo_001,1 meters,port,France,Roscoff,Frédérique Viard
Global ARMS Program,48.73,-3.96,"benthic invertebrates, vertebrates, microbes, algae - we monitor whole ecosystem using metabarcoding",1/10/18,ongoing,BDM_2018_BasBlo_001,12 meters,rocky reefs,France,Roscoff,Frédérique Viard
Global ARMS Program,51.65,-128.15,"benthic invertebrates, vertebrates, microbes, algae - we monitor whole ecosystem using metabarcoding",1/18/16,1/3/17,2017_HAKAI_ARMS06,5 meters,Macrocystis,Canada,NA,Matt Whalen
Global ARMS Program,51.65,-128.16,"benthic invertebrates, vertebrates, microbes, algae - we monitor whole ecosystem using metabarcoding",1/18/16,1/4/17,2017_HAKAI_ARMS01,5 meters,Nereocystis,Canada,NA,Matt Whalen
Global ARMS Program,51.66,-128.09,"benthic invertebrates, vertebrates, microbes, algae - we monitor whole ecosystem using metabarcoding",1/18/16,1/28/17,2017_HAKAI_ARMS04,5 meters,Macrocystis,Canada,NA,Matt Whalen
Global ARMS Program,51.67,2.83,"benthic invertebrates, vertebrates, microbes, algae - we monitor whole ecosystem using metabarcoding",1/11/18,1/19/18,2018_BWAZFPI_VLIZARMS,37 meters,NA,Belgium,NA,Klaas Deneudt
Global ARMS Program,51.67,-128.14,"benthic invertebrates, vertebrates, microbes, algae - we monitor whole ecosystem using metabarcoding",1/18/16,1/6/17,2017_HAKAI_ARMS03,5 meters,Nereocystis,Canada,NA,Matt Whalen
Global ARMS Program,51.68,-128.13,"benthic invertebrates, vertebrates, microbes, algae - we monitor whole ecosystem using metabarcoding",1/16/16,1/5/17,2017_HAKAI_ARMS09,5 meters,Nereocystis,Canada,NA,Matt Whalen
Global ARMS Program,51.69,2.85,"benthic invertebrates, vertebrates, microbes, algae - we monitor whole ecosystem using metabarcoding",1/11/18,1/19/18,2018_BWAZFPO_VLIZARMS,38 meters,NA,Belgium,NA,Klaas Deneudt
Global ARMS Program,51.7,-128.07,"benthic invertebrates, vertebrates, microbes, algae - we monitor whole ecosystem using metabarcoding",1/16/16,1/29/17,2017_HAKAI_ARMS12,5 meters,Urchin barren,Canada,NA,Matt Whalen
Global ARMS Program,51.73,-128.01,"benthic invertebrates, vertebrates, microbes, algae - we monitor whole ecosystem using metabarcoding",1/16/16,1/3/17,2017_HAKAI_ARMS07,5 meters,Urchin barren,Canada,NA,Matt Whalen
Global ARMS Program,51.73,-128,"benthic invertebrates, vertebrates, microbes, algae - we monitor whole ecosystem using metabarcoding",1/18/16,1/4/17,2017_HAKAI_ARMS05,5 meters,Urchin barren,Canada,NA,Matt Whalen
Global ARMS Program,51.74,-128.07,"benthic invertebrates, vertebrates, microbes, algae - we monitor whole ecosystem using metabarcoding",1/18/16,1/30/17,2017_HAKAI_ARMS02,5 meters,Urchin barren,Canada,NA,Matt Whalen
Global ARMS Program,51.8,-128.25,"benthic invertebrates, vertebrates, microbes, algae - we monitor whole ecosystem using metabarcoding",1/16/16,1/2/17,2017_HAKAI_ARMS08,5 meters,Macrocystis,Canada,NA,Matt Whalen
Global ARMS Program,51.81,-128.24,"benthic invertebrates, vertebrates, microbes, algae - we monitor whole ecosystem using metabarcoding",1/16/16,1/1/17,2017_HAKAI_ARMS11,5 meters,Macrocystis,Canada,NA,Matt Whalen
Global ARMS Program,51.84,-128.26,"benthic invertebrates, vertebrates, microbes, algae - we monitor whole ecosystem using metabarcoding",1/16/16,12/31/16,2017_HAKAI_ARMS10,5 meters,Nereocystis,Canada,NA,Matt Whalen
Global ARMS Program,54.17,11.94,"benthic invertebrates, vertebrates, microbes, algae - we monitor whole ecosystem using metabarcoding",7/31/13,7/31/14,ARMS-NF5,20 meters,sublittoral,Germany,Nienhagen,Stefan Sandrock
Global ARMS Program,54.2,11.91,"benthic invertebrates, vertebrates, microbes, algae - we monitor whole ecosystem using metabarcoding",7/31/13,7/31/14,ARMS-NT5,59 meters,sublittoral,Germany,Nienhagen,Stefan Sandrock
Global ARMS Program,54.23,12.15,"benthic invertebrates, vertebrates, microbes, algae - we monitor whole ecosystem using metabarcoding",6/30/12,6/30/13,ARMS-R5,21 meters,sublittoral,Germany,Rosenort,Stefan Sandrock
Global ARMS Program,54.49,18.57,"benthic invertebrates, vertebrates, microbes, algae - we monitor whole ecosystem using metabarcoding",N/A,ongoing,2019_Gdy,3 meters,NA,NA,NA,Rafal Lasota
Global ARMS Program,58.86,11.08,"benthic invertebrates, vertebrates, microbes, algae - we monitor whole ecosystem using metabarcoding",N/A,ongoing,2018_Koster_VH03,20 meters,rocky seafloor with boulders,Sweden,60 m west o fthe deep trench,Matthias Obst
Global ARMS Program,58.88,11.1,"benthic invertebrates, vertebrates, microbes, algae - we monitor whole ecosystem using metabarcoding",N/A,ongoing,2018_Koster_VH01,20 meters,rocky seafloor with boulders,Sweden,100 m east of the deep trench,Matthias Obst
Global ARMS Program,58.88,11.11,"benthic invertebrates, vertebrates, microbes, algae - we monitor whole ecosystem using metabarcoding",N/A,ongoing,2018_Koster_VH02,20 meters,rocky seafloor with boulders,Sweden,80 m east of the deep trench,Matthias Obst
Global ARMS Program,69.04,-105.09,"benthic invertebrates, vertebrates, microbes, algae - we monitor whole ecosystem using metabarcoding",1/28/18,ongoing,MarineGEO_Arctic_CamBay_04,10 meters,NA,Canada,Simpson Rock,Emmett Duffy
Global ARMS Program,69.06,-105.1,"benthic invertebrates, vertebrates, microbes, algae - we monitor whole ecosystem using metabarcoding",1/30/18,ongoing,MarineGEO_Arctic_CamBay_07,11 meters,NA,Canada,Flagstaff Point,Emmett Duffy
Global ARMS Program,69.07,-105.2,"benthic invertebrates, vertebrates, microbes, algae - we monitor whole ecosystem using metabarcoding",1/25/18,ongoing,MarineGEO_Arctic_CamBay_01,9 meters,NA,Canada,West of 5 Island,Emmett Duffy
Global ARMS Program,69.1,-105.12,"benthic invertebrates, vertebrates, microbes, algae - we monitor whole ecosystem using metabarcoding",1/29/18,ongoing,MarineGEO_Arctic_CamBay_06,10 meters,NA,Canada,Airport Wall,Emmett Duffy
Global ARMS Program,69.1,-105.16,"benthic invertebrates, vertebrates, microbes, algae - we monitor whole ecosystem using metabarcoding",1/28/18,ongoing,MarineGEO_Arctic_CamBay_05,16 meters,NA,Canada,Mud Bank Wall,Emmett Duffy
Global ARMS Program,69.11,-105.17,"benthic invertebrates, vertebrates, microbes, algae - we monitor whole ecosystem using metabarcoding",1/27/18,ongoing,MarineGEO_Arctic_CamBay_03,18 meters,NA,Canada,Bonecleaner Beach,Emmett Duffy
Global ARMS Program,69.12,-105.04,"benthic invertebrates, vertebrates, microbes, algae - we monitor whole ecosystem using metabarcoding",12/31/17,ongoing,MarineGEO_Arctic_CamBay_09,17 meters,NA,Canada,North Dock,Emmett Duffy
